{
  "model/models.js": 1763994883608,
  "i18n/i18n.properties": 1763994883604,
  "controller/View1.controller.js": 1763994883604,
  "controller/App.controller.js": 1763996677855,
  "manifest.json": 1763994883608,
  "Component.js": 1763994883604,
  "controller/App-dbg.controller.js": 1763996677855,
  "controller/App.controller.js.map": 1763996931625,
  "controller/View1-dbg.controller.js": 1763994883604,
  "controller/View1.controller.js.map": 1763996931576,
  "model/models-dbg.js": 1763994883608,
  "model/models.js.map": 1763996931593,
  "Component-dbg.js": 1763994883604,
  "Component.js.map": 1763996931578,
  "Component-preload.js": 1763996931735,
  "Component-preload.js.map": 1763996931735,
  "view/fragment/Details.fragment.xml": 1763996449985,
  "view/fragment/Create.fragment.xml": 1763996449985,
  "view/View1.view.xml": 1763994883608,
  "view/App.view.xml": 1763994883608,
  "css/style.css": 1763994883604,
  "index.html": 1763994883604
}